,site,x_cart,y_cart,theta_polr,r_polr,dist_center,keep_this_site,mm_site
0,1,-4.2625994694960205,-14.02403846153846,1.2757200886255287,14.657537617487385,14.847248873158438,True,169
1,2,-3.2625994694960205,-14.02403846153846,1.3422188383049607,14.398548887615924,14.915961675648262,True,198
2,3,-2.2625994694960205,-14.02403846153846,1.4108374893170146,14.205386694140843,14.970344613174044,True,227
3,4,-1.2625994694960205,-14.02403846153846,1.4810073124535648,14.08076035557319,15.006958525736287,True,256
4,5,-0.26259946949602053,-14.02403846153846,1.5520735612052594,14.026496827507914,15.023292690977401,True,285
5,6,0.7374005305039795,-14.02403846153846,-1.5182635222082623,14.043411776099767,15.018174978775459,True,315
6,7,1.7374005305039795,-14.02403846153846,-1.4475370444157152,14.131249604125799,14.991976127838946,True,345
7,8,2.7374005305039795,-14.02403846153846,-1.3780266870693851,14.288702405576004,14.946544272210023,True,374
8,9,3.7374005305039795,-14.02403846153846,-1.3103499239534189,14.513504659320622,14.884890531561368,True,403
9,10,4.7374005305039795,-14.02403846153846,-1.2450260316932407,14.802588238451051,14.810721012161995,True,432
10,11,-6.2625994694960205,-13.02403846153846,1.122586336246709,14.451495769053283,14.639700062793091,True,115
11,12,-5.2625994694960205,-13.02403846153846,1.1867878283111415,14.04708265171003,14.733999074890356,True,142
12,13,-4.2625994694960205,-13.02403846153846,1.254497238125199,13.703843697480675,14.822296666479007,True,170
13,14,-3.2625994694960205,-13.02403846153846,1.325341507452895,13.426471358699903,14.899946016652347,True,199
14,15,-2.2625994694960205,-13.02403846153846,1.398788161162349,13.219112459125112,14.962084896477704,True,228
15,16,-1.2625994694960205,-13.02403846153846,1.474154545166999,13.085095921238205,15.00426568317688,True,257
16,17,-0.26259946949602053,-13.02403846153846,1.5506363822594476,13.026685546562206,15.02317383082635,True,286
17,18,0.7374005305039795,-13.02403846153846,-1.5142382863366664,13.044896986562241,15.017243622049383,True,316
18,19,1.7374005305039795,-13.02403846153846,-1.4381797606265059,13.139411647826115,14.986971512310465,True,346
19,20,2.7374005305039795,-13.02403846153846,-1.3636311439625972,13.30860396555689,14.934815252953188,True,375
20,21,3.7374005305039795,-13.02403846153846,-1.2913437561891448,13.54967677005782,14.864715475789751,True,404
21,22,4.7374005305039795,-13.02403846153846,-1.2219312993476013,13.858879523036936,14.781404591072466,True,433
22,23,5.7374005305039795,-13.02403846153846,-1.1558505925569509,14.231772296346666,14.689710263219954,True,461
23,24,-7.2625994694960205,-12.02403846153846,1.0274359502274428,14.047165264881027,14.485633519710538,True,90
24,25,-6.2625994694960205,-12.02403846153846,1.0906161003813977,13.557199306637342,14.589573504713881,True,116
25,26,-5.2625994694960205,-12.02403846153846,1.1582405144960095,13.125260153646325,14.693211227028543,True,143
26,27,-4.2625994694960205,-12.02403846153846,1.2301124866162627,12.757243243032717,14.791962995099563,True,171
27,28,-3.2625994694960205,-12.02403846153846,1.3058362047686336,12.458814398766517,14.88020800462601,True,200
28,29,-2.2625994694960205,-12.02403846153846,1.3847983063069251,12.235066705331846,14.951793156630925,True,229
29,30,-1.2625994694960205,-12.02403846153846,1.466173464223191,12.090147159771373,15.000885234813152,True,258
30,31,-0.26259946949602053,-12.02403846153846,1.5489602579912838,12.026905645507316,15.023024119983495,True,287
31,32,0.7374005305039795,-12.02403846153846,-1.5095458448621313,12.04662859338428,15.016071758537816,True,317
32,33,1.7374005305039795,-12.02403846153846,-1.4272955930124984,12.148911948316677,14.980708182650265,True,347
33,34,2.7374005305039795,-12.02403846153846,-1.3469508776566324,12.331701528538535,14.920270942874966,True,376
34,35,3.7374005305039795,-12.02403846153846,-1.2694359815809617,12.591491716630227,14.840005317273118,True,405
35,36,4.7374005305039795,-12.02403846153846,-1.1954781250580204,12.923639762504044,14.746020956139322,True,434
36,37,5.7374005305039795,-12.02403846153846,-1.1255863998010005,13.322734920878052,14.644304530145414,True,462
37,38,6.7374005305039795,-12.02403846153846,-1.0600586539722552,13.782962919234437,14.540025077971903,True,488
38,39,7.7374005305039795,-12.02403846153846,-0.999008118511465,14.29842186725512,14.437197516981435,True,513
39,40,-8.26259946949602,-11.02403846153846,0.9276104947126732,13.776791135630793,14.312572176070436,True,67
40,41,-7.2625994694960205,-11.02403846153846,0.9882620132965193,13.201317171244812,14.418677681272774,True,91
41,42,-6.2625994694960205,-11.02403846153846,1.0541737928236845,12.678705616773783,14.53031943704215,True,117
42,43,-5.2625994694960205,-11.02403846153846,1.1254120537728634,12.215743005557176,14.64403743579461,True,144
43,44,-4.2625994694960205,-11.02403846153846,1.2018390481931926,11.819440690609138,14.75469823297277,True,172
44,45,-3.2625994694960205,-11.02403846153846,1.283056314693527,11.496694277044814,14.855547756717385,True,201
45,46,-2.2625994694960205,-11.02403846153846,1.3683651729177555,11.253834029380517,14.93875740092611,True,230
46,47,-1.2625994694960205,-11.02403846153846,1.4567617266934336,11.096106588432308,14.996562957009223,True,259
47,48,-0.26259946949602053,-11.02403846153846,1.5469802072242762,11.0271656595364,15.022831882180045,True,288
48,49,0.7374005305039795,-11.02403846153846,-1.5040055865857078,11.048673383889435,15.014569023744757,True,318
49,50,1.7374005305039795,-11.02403846153846,-1.4144809621772017,11.160106836624584,14.972730781971329,True,348
50,51,2.7374005305039795,-11.02403846153846,-1.3274070428606803,11.358819730318936,14.901959722649684,True,377
51,52,3.7374005305039795,-11.02403846153846,-1.2439340102252177,11.640343067405302,14.80936932080508,True,406
52,53,4.7374005305039795,-11.02403846153846,-1.1649230583691952,11.998849436004214,14.702931404999978,True,435
53,54,5.7374005305039795,-11.02403846153846,-1.0909271840120827,12.427678337038925,14.590070115169132,True,463
54,55,6.7374005305039795,-11.02403846153846,-1.0222146856270182,12.919829329751789,14.476803594118829,True,489
55,56,7.7374005305039795,-11.02403846153846,-0.9588189437417138,13.468362594277098,14.36745459738462,True,514
56,57,8.73740053050398,-11.02403846153846,-0.900597954940798,14.0666837609982,14.264761662188572,True,538
57,58,-9.26259946949602,-10.02403846153846,0.8248578012514869,13.648336748875677,14.130512059203411,True,46
58,59,-8.26259946949602,-10.02403846153846,0.8814257338132363,12.990454074885845,14.23074352183716,True,68
59,60,-7.2625994694960205,-10.02403846153846,0.9438039355100909,12.378477213806478,14.341110742771633,True,92
60,61,-6.2625994694960205,-10.02403846153846,1.012370963278304,11.819538873988874,14.460072687230106,True,118
61,62,-5.2625994694960205,-10.02403846153846,1.0873509458555677,11.321497262056027,14.584351113746905,True,145
62,63,-4.2625994694960205,-10.02403846153846,1.1687243279565958,10.89270863081126,14.708414554843245,True,173
63,64,-3.2625994694960205,-10.02403846153846,1.2561325616271186,10.541627121880097,14.824268271216072,True,202
64,65,-2.2625994694960205,-10.02403846153846,1.3487991985714014,10.276220289472487,14.921932308354311,True,231
65,66,-1.2625994694960205,-10.02403846153846,1.4454990038558444,10.103242276555282,14.990916201657733,True,260
66,67,-0.26259946949602053,-10.02403846153846,1.5446053437047582,10.02747752726387,15.022579347138464,True,289
67,68,0.7374005305039795,-10.02403846153846,-1.4973653761454833,10.051124644575346,15.012598366519986,True,319
68,69,1.7374005305039795,-10.02403846153846,-1.3991778920882032,10.173490437494786,14.96236085734272,True,349
69,70,2.7374005305039795,-10.02403846153846,-1.3042126472519173,10.391087947987247,14.87850702009809,True,378
70,71,3.7374005305039795,-10.02403846153846,-1.2139173677285091,10.69810776744251,14.770882802214512,True,407
71,72,4.7374005305039795,-10.02403846153846,-1.1293047374651621,11.08712365155281,14.649986408486212,True,436
72,73,5.7374005305039795,-10.02403846153846,-1.0509451936777408,11.549853329191228,14.524973846414792,True,464
73,74,6.7374005305039795,-10.02403846153846,-0.9790248251318636,12.077827328904716,14.402678252091913,True,490
74,75,7.7374005305039795,-10.02403846153846,-0.9134355853305433,12.662887271386632,14.287508262106066,True,515
75,76,8.73740053050398,-10.02403846153846,-0.853869806733219,13.297500333102215,14.181846148998542,True,539
76,77,9.73740053050398,-10.02403846153846,-0.7999020581559814,13.974917394026397,14.086605753484637,True,561
77,78,-10.26259946949602,-9.02403846153846,0.7212676191140626,13.665804697368737,13.950983770003303,True,27
78,79,-9.26259946949602,-9.02403846153846,0.772353257233627,12.931705962000272,14.038540921591864,True,47
79,80,-8.26259946949602,-9.02403846153846,0.8294175451057063,12.235351247456746,14.13856319116633,True,69
80,81,-7.2625994694960205,-9.02403846153846,0.8931318149600304,11.583549594560784,14.251518669506172,True,93
81,82,-6.2625994694960205,-9.02403846153846,0.9641147934805125,10.984235170036065,14.376713916035484,True,119
82,83,-5.2625994694960205,-9.02403846153846,1.0428395383284237,10.446445487899949,14.511490545320337,True,146
83,84,-4.2625994694960205,-9.02403846153846,1.12950377386211,9.980131481732752,14.650289762618584,True,174
84,85,-3.2625994694960205,-9.02403846153846,1.2238733379578397,9.595719121237403,14.783927814633406,True,203
85,86,-2.2625994694960205,-9.02403846153846,1.3251304825159345,9.303366407633803,14.899739452888587,True,232
86,87,-1.2625994694960205,-9.02403846153846,1.4317836296957993,9.111938738583412,14.983348168229789,True,261
87,88,-0.26259946949602053,-9.02403846153846,1.5417045421876714,9.02785847456112,15.022238395375567,True,290
88,89,0.7374005305039795,-9.02403846153846,-1.4892623460785674,9.054116726534565,15.009943900361968,True,320
89,90,1.7374005305039795,-9.02403846153846,-1.3805934112209892,9.189767720607573,14.948554179535776,True,350
90,91,2.7374005305039795,-9.02403846153846,-1.2762731936266185,9.430091824565066,14.847880496578581,True,379
91,92,3.7374005305039795,-9.02403846153846,-1.1781425139373343,9.767365708354369,14.721852719173379,True,408
92,93,4.7374005305039795,-9.02403846153846,-1.0873684077129981,10.191969090501836,14.584379090760606,True,437
93,94,5.7374005305039795,-9.02403846153846,-1.0044749478350643,10.693504336874454,14.446577539489319,True,465
94,95,6.7374005305039795,-9.02403846153846,-0.9294709709307338,11.261697743402667,14.315856673378157,True,491
95,96,7.7374005305039795,-9.02403846153846,-0.8620097068651384,11.886994452962814,14.196283141520711,True,516
96,97,8.73740053050398,-9.02403846153846,-0.80153497814907,12.560869324444731,14.089469275731673,True,540
97,98,9.73740053050398,-9.02403846153846,-0.7473936910101393,13.275927057903889,13.99547063452082,True,562
98,99,-10.26259946949602,-8.02403846153846,0.6635890842401218,13.027130962094013,13.855452359782062,True,28
99,100,-9.26259946949602,-8.02403846153846,0.7138719284041088,12.254833420514391,13.938516061722105,True,48
100,101,-8.26259946949602,-8.02403846153846,0.7707515586297744,11.517627499861439,14.035762236713389,True,70
101,102,-7.2625994694960205,-8.02403846153846,0.8351677852700031,10.822686555868296,14.148726681022303,True,94
102,103,-6.2625994694960205,-8.02403846153846,0.908071829434985,10.17867109929289,14.278008845774245,True,120
103,104,-5.2625994694960205,-8.02403846153846,0.9903166656934077,9.595840057472211,14.42222668798515,True,147
104,105,-4.2625994694960205,-8.02403846153846,1.0824789925881766,9.085975317465719,14.576525493831312,True,175
105,106,-3.2625994694960205,-8.02403846153846,1.1846105552357382,8.661971399779857,14.73095742763576,True,204
106,107,-2.2625994694960205,-8.02403846153846,1.2959546972343232,8.336938862173104,14.869719673550618,True,233
107,108,-1.2625994694960205,-8.02403846153846,1.414723911272404,8.122767425737372,14.972888042897422,True,262
108,109,-0.26259946949602053,-8.02403846153846,1.5380814064581125,8.028334305049093,15.02176238735519,True,291
109,110,0.7374005305039795,-8.02403846153846,-1.479154804135444,8.05785038174798,15.006249730797894,True,321
110,111,1.7374005305039795,-8.02403846153846,-1.3575635264999644,8.209978918099852,14.929641930029868,True,351
111,112,2.7374005305039795,-8.02403846153846,-1.2420273674018583,8.478122132680795,14.807000946356155,True,380
112,113,3.7374005305039795,-8.02403846153846,-1.1349012138781045,8.851743102782633,14.65848518996578,True,409
113,114,4.7374005305039795,-8.02403846153846,-1.0374647947725808,9.318162749097478,14.502502134550204,True,438
114,115,5.7374005305039795,-8.02403846153846,-0.9500564599367737,9.864226177439154,14.35209621354718,True,466
115,116,6.7374005305039795,-8.02403846153846,-0.8723405278234017,10.477488207613684,14.214616635471433,True,492
116,117,7.7374005305039795,-8.02403846153846,-0.8035821843730666,11.146863244953343,14.093061336529669,True,517
117,118,8.73740053050398,-8.02403846153846,-0.742864116912731,11.862856370314011,13.987711106100381,True,541
118,119,9.73740053050398,-8.02403846153846,-0.6892304511146562,12.617533924016518,13.897419890333799,True,563
119,120,10.73740053050398,-8.02403846153846,-0.6417696158727457,13.404363594916234,13.820447434626988,True,582
120,121,-11.26259946949602,-7.02403846153846,0.5576355023305227,13.273404353046118,13.69254284781272,True,12
121,122,-10.26259946949602,-7.02403846153846,0.6002001867933804,12.436159543061176,13.755758379649425,True,29
122,123,-9.26259946949602,-7.02403846153846,0.6488063257811602,11.624666242154204,13.831661675647753,True,49
123,124,-8.26259946949602,-7.02403846153846,0.7045523028843061,10.844706833404373,13.922890411781074,True,71
124,125,-7.2625994694960205,-7.02403846153846,0.7687015241884317,10.103586856334509,14.03220855277152,True,95
125,126,-6.2625994694960205,-7.02403846153846,0.8426441756796087,9.410487151285176,14.161956242226017,True,121
126,127,-5.2625994694960205,-7.02403846153846,0.9277901028910207,8.776791525694989,14.312889315561899,True,148
127,128,-4.2625994694960205,-7.02403846153846,1.025348856672316,8.216256480083818,14.482107747828596,True,176
128,129,-3.2625994694960205,-7.02403846153846,1.1359576157951567,7.744783509403429,14.660082188713098,True,205
129,130,-2.2625994694960205,-7.02403846153846,1.259169400815984,7.379462898377852,14.827908201456676,True,234
130,131,-1.2625994694960205,-7.02403846153846,1.3929416150929645,7.136615004996641,14.95787491963837,True,263
131,132,-0.26259946949602053,-7.02403846153846,1.5334279057149254,7.028945496342333,15.021069347338894,True,292
132,133,0.7374005305039795,-7.02403846153846,-1.4661970610594786,7.062639439441824,15.00089561553788,True,322
133,134,1.7374005305039795,-7.02403846153846,-1.3283127128371857,7.235722279950156,14.902837987261607,True,352
134,135,2.7374005305039795,-7.02403846153846,-1.1991842669160357,7.538599204996578,14.751089421884815,True,381
135,136,3.7374005305039795,-7.02403846153846,-1.0818097228976125,7.956461464406335,14.575447406609733,True,410
136,137,4.7374005305039795,-7.02403846153846,-0.9774209030659171,8.47231255889388,14.399893118547721,True,439
137,138,5.7374005305039795,-7.02403846153846,-0.8858809311588086,9.0694476764905,14.238651372654504,True,467
138,139,6.7374005305039795,-7.02403846153846,-0.8062242186786792,9.732917456631741,14.097700354898171,True,493
139,140,7.7374005305039795,-7.02403846153846,-0.7371096790648363,10.450094893282781,13.977880573400295,True,518
140,141,8.73740053050398,-7.02403846153846,-0.6771174031213067,11.210677247143582,13.87748756428681,True,542
141,142,9.73740053050398,-7.02403846153846,-0.6249091857714475,12.006418508474155,13.793880091540059,True,564
142,143,10.73740053050398,-7.02403846153846,-0.5792980406082262,12.830778871979625,13.724311557571802,True,583
143,144,-11.26259946949602,-6.02403846153846,0.49115375000043476,12.77243853758501,13.600716744736701,True,13
144,145,-10.26259946949602,-6.02403846153846,0.5307980487262325,11.899999464596402,13.654410112494853,True,30
145,146,-9.26259946949602,-6.02403846153846,0.5766293372441299,11.049198537378293,13.72035175861515,True,50
146,147,-8.26259946949602,-6.02403846153846,0.629972776093575,10.225438346565422,13.801813078696565,True,72
147,148,-7.2625994694960205,-6.02403846153846,0.6924482364911251,9.435803645711294,13.902745674912877,True,96
148,149,-6.2625994694960205,-6.02403846153846,0.7659843060428896,8.689602493867397,14.027503238629736,True,122
149,150,-5.2625994694960205,-6.02403846153846,0.85275984782153,7.998999472586209,14.179878334821915,True,149
150,151,-4.2625994694960205,-6.02403846153846,0.9549890043283232,7.379620154414617,14.36074729000073,True,177
151,152,-3.2625994694960205,-6.02403846153846,1.0744276548561549,6.850809783116911,14.56350798384226,True,206
152,153,-2.2625994694960205,-6.02403846153846,1.2115040065897331,6.434935566535094,14.76768004592762,True,235
153,154,-1.2625994694960205,-6.02403846153846,1.3641934688016855,6.154932721522331,14.935287847786151,True,264
154,155,-0.26259946949602053,-6.02403846153846,1.5272319762156663,6.029759354026846,15.020004227424701,True,293
155,156,0.7374005305039795,-6.02403846153846,-1.4489926237066033,6.069003124771168,14.992722843160582,True,323
156,157,1.7374005305039795,-6.02403846153846,-1.2900050178115283,6.2695773373880765,14.863249573328492,True,353
157,158,2.7374005305039795,-6.02403846153846,-1.1442787312968994,6.616827113541514,14.672579439322252,True,382
158,159,3.7374005305039795,-6.02403846153846,-1.0155012808622594,7.089231418955519,14.465404659233283,True,411
159,160,4.7374005305039795,-6.02403846153846,-0.9043933390450801,7.663680784878376,14.271490240012488,True,440
160,161,5.7374005305039795,-6.02403846153846,-0.8097643317179918,8.31906270162222,14.103921825946761,True,468
161,162,6.7374005305039795,-6.02403846153846,-0.7295564652915296,9.03778763274121,13.965025290939696,True,494
162,163,7.7374005305039795,-6.02403846153846,-0.6615310047923377,9.805937301224086,13.852121814954518,True,519
163,164,8.73740053050398,-6.02403846153846,-0.6036132009089948,10.612785092356571,13.760964329378101,True,543
164,165,9.73740053050398,-6.02403846153846,-0.554019660970846,11.450153207601803,13.687324671582548,True,565
165,166,10.73740053050398,-6.02403846153846,-0.5112745362611666,12.311815850578736,13.627563276078726,True,584
166,167,11.73740053050398,-6.02403846153846,-0.4741790370742098,13.193013704213671,13.578738183835855,True,599
167,168,-12.26259946949602,-5.02403846153846,0.38884396994767534,13.251879421889628,13.47813191039098,True,1
168,169,-11.26259946949602,-5.02403846153846,0.4195906130363162,12.332360247467221,13.512418473417023,True,14
169,170,-10.26259946949602,-5.02403846153846,0.4552513699280206,11.426369079209621,13.554976323655158,True,31
170,171,-9.26259946949602,-5.02403846153846,0.4969899352970699,10.537395854542321,13.608416173617051,True,51
171,172,-8.26259946949602,-5.02403846153846,0.5463144968885059,9.67013507952881,13.67628773331747,True,73
172,173,-7.2625994694960205,-5.02403846153846,0.6051801633367547,8.830985987835199,13.763360988526378,True,97
173,174,-6.2625994694960205,-5.02403846153846,0.6760985679615239,8.028767936511153,13.875819609851748,True,123
174,175,-5.2625994694960205,-5.02403846153846,0.7622109710181381,7.275707226061088,14.020978600468927,True,150
175,176,-4.2625994694960205,-5.02403846153846,0.8672081253959146,6.588680952995485,14.205507408269607,True,178
176,177,-3.2625994694960205,-5.02403846153846,0.9948445695285181,5.990452216767399,14.430034533370106,True,207
177,178,-2.2625994694960205,-5.02403846153846,1.1476474486036496,5.510019856804639,14.677596725850606,True,236
178,179,-1.2625994694960205,-5.02403846153846,1.3245835371872556,5.180262530353975,14.899203351764289,True,265
179,180,-0.26259946949602053,-5.02403846153846,1.518575245773605,5.030896634239003,15.018244255595416,True,294
180,181,0.7374005305039795,-5.02403846153846,-1.425062424782724,5.077865890844823,14.979364718756397,True,324
181,182,1.7374005305039795,-5.02403846153846,-1.237852394050501,5.315968685612552,14.801778039852206,True,354
182,183,2.7374005305039795,-5.02403846153846,-1.0719074858348943,5.721391799852655,14.559412153305656,True,383
183,184,3.7374005305039795,-5.02403846153846,-0.9312083151785494,6.2617190282245305,14.31892256402333,True,412
184,185,4.7374005305039795,-5.02403846153846,-0.8147540389119565,6.905354896704233,14.112701119101846,True,441
185,186,5.7374005305039795,-5.02403846153846,-0.7192062784919616,7.626186944367747,13.947502873195623,True,469
186,187,6.7374005305039795,-5.02403846153846,-0.6407395022423846,8.404375549168007,13.81881189954498,True,495
187,188,7.7374005305039795,-5.02403846153846,-0.5758960902946033,9.225417574964343,13.719266007403764,True,520
188,189,8.73740053050398,-5.02403846153846,-0.5218371316863968,10.078845692512063,13.64199226013435,True,544
189,190,9.73740053050398,-5.02403846153846,-0.47632819903964846,10.957095032647883,13.581486312333826,True,566
190,191,10.73740053050398,-5.02403846153846,-0.43764012354866993,11.85465025276937,13.533591839383586,True,585
191,192,11.73740053050398,-5.02403846153846,-0.404439964964286,12.767440372936653,13.495239230147616,True,600
192,193,-12.26259946949602,-4.02403846153846,0.31708321481295487,12.905976572473115,13.40723540468604,True,2
193,194,-11.26259946949602,-4.02403846153846,0.34315634517941446,11.959892656300593,13.431479386654031,True,15
194,195,-10.26259946949602,-4.02403846153846,0.37368371845796067,11.02333132094109,13.462073143269107,True,32
195,196,-9.26259946949602,-4.02403846153846,0.40983868755753117,10.098942245218,13.501297986633919,True,52
196,197,-8.26259946949602,-4.02403846153846,0.45320854745701683,9.190399095428704,13.552459647553432,True,74
197,198,-7.2625994694960205,-4.02403846153846,0.5059678645205382,8.302905310447946,13.620400566131652,True,98
198,199,-6.2625994694960205,-4.02403846153846,0.5711207055191587,7.443993394359821,13.712218602673282,True,124
199,200,-5.2625994694960205,-4.02403846153846,0.6528103821429475,6.624789711098807,13.838075020348393,True,151
200,201,-4.2625994694960205,-4.02403846153846,0.7566174760563632,5.861965521673475,14.011327675479214,True,179
201,202,-3.2625994694960205,-4.02403846153846,0.8895182560114758,5.180486544553179,14.245106678075233,True,208
202,203,-2.2625994694960205,-4.02403846153846,1.0585809666388943,4.616518374197647,14.537592667400244,True,237
203,204,-1.2625994694960205,-4.02403846153846,1.2667600876008935,4.217468785932203,14.836883544009893,True,266
204,205,-0.26259946949602053,-4.02403846153846,1.5056310318287802,4.032597676600085,15.01502326534739,True,295
205,206,0.7374005305039795,-4.02403846153846,-1.3895582632457542,4.091044497720401,14.955378783641196,True,325
206,207,1.7374005305039795,-4.02403846153846,-1.1632176966493424,4.383086371877279,14.700460592011815,True,355
207,208,2.7374005305039795,-4.02403846153846,-0.9734405196284431,4.866851878200556,14.392972828662286,True,384
208,209,3.7374005305039795,-4.02403846153846,-0.8223124163626607,5.491907525200351,14.126021090529239,True,413
209,210,4.7374005305039795,-4.02403846153846,-0.7041567210764081,6.215774233863405,13.922229335266051,True,442
210,211,5.7374005305039795,-4.02403846153846,-0.611644584804428,7.0078991422086085,13.77329129523456,True,470
211,212,6.7374005305039795,-4.02403846153846,-0.5384087718350796,7.847639864849566,13.6650821635276,True,496
212,213,7.7374005305039795,-4.02403846153846,-0.47957933183469326,8.7212529208471,13.585662693344007,True,521
213,214,8.73740053050398,-4.02403846153846,-0.4315952960613087,9.619514206569479,13.526416157321115,True,545
214,215,9.73740053050398,-4.02403846153846,-0.39188141025324874,10.536121422582411,13.481417318682471,True,567
215,216,10.73740053050398,-4.02403846153846,-0.3585676118754599,11.466675878056725,13.446630176939797,True,586
216,217,11.73740053050398,-4.02403846153846,-0.3302811050946673,12.408040004505784,13.419287497498226,True,601
217,218,12.73740053050398,-4.02403846153846,-0.30600033297941825,13.357928649847771,13.39746647342639,True,613
218,219,-12.26259946949602,-3.02403846153846,0.24178237204387668,12.6299704816024,13.347320282131685,True,3
219,220,-11.26259946949602,-3.02403846153846,0.2623157537580642,11.661516000381594,13.362141594141665,True,16
220,221,-10.26259946949602,-3.02403846153846,0.28655600063138464,10.698867065636618,13.381112005619787,True,33
221,222,-9.26259946949602,-3.02403846153846,0.3155684608389005,9.74374453427284,13.405881215981927,True,53
222,223,-8.26259946949602,-3.02403846153846,0.3508492228828678,8.798599809639022,13.438966774531925,True,75
223,224,-7.2625994694960205,-3.02403846153846,0.3945512108697213,7.867029914217167,13.484323665574314,True,99
224,225,-6.2625994694960205,-3.02403846153846,0.44985214548182817,6.9544921261150145,13.548345190537422,True,125
225,226,-5.2625994694960205,-3.02403846153846,0.5215548746468841,6.069576739213674,13.64160373411432,True,152
226,227,-4.2625994694960205,-3.02403846153846,0.6170303399835597,5.226333595764018,13.781616813749018,True,180
227,228,-3.2625994694960205,-3.02403846153846,0.7474690508500335,4.448523790564642,13.995599888376978,True,209
228,229,-2.2625994694960205,-3.02403846153846,0.9284452684128718,3.7767929485513987,14.314046056431925,True,238
229,230,-1.2625994694960205,-3.02403846153846,1.1752775014813288,3.277036166604746,14.717787272529124,True,267
230,231,-0.26259946949602053,-3.02403846153846,1.4841762722415552,3.0354187681839697,15.00813803001765,True,296
231,232,0.7374005305039795,-3.02403846153846,-1.3316177329735883,3.112646487998829,14.906018709117225,True,326
232,233,1.7374005305039795,-3.02403846153846,-1.0493154074965405,3.4876022164603873,14.522269928983185,True,356
233,234,2.7374005305039795,-3.02403846153846,-0.8351082773634427,4.0789913313547705,14.148621446637097,True,385
234,235,3.7374005305039795,-3.02403846153846,-0.6802825584458245,4.807595172461521,13.882677885884442,True,414
235,236,4.7374005305039795,-3.02403846153846,-0.5681295962263514,5.62030002787069,13.707825480412547,True,443
236,237,5.7374005305039795,-3.02403846153846,-0.48507200346098134,6.48556654921459,13.592770664513798,True,471
237,238,6.7374005305039795,-3.02403846153846,-0.42189176693450986,7.384942418550005,13.515075434934486,True,497
238,239,7.7374005305039795,-3.02403846153846,-0.37257968223074606,8.307356714762353,13.46092589447397,True,522
239,240,8.73740053050398,-3.02403846153846,-0.3331986828440644,9.24591675537451,13.42201279705375,True,546
240,241,9.73740053050398,-3.02403846153846,-0.3011156814579029,10.196164852939711,13.393263657754346,True,568
241,242,10.73740053050398,-3.02403846153846,-0.27452511368999516,11.155114466886076,13.371498570144466,True,587
242,243,11.73740053050398,-3.02403846153846,-0.2521573907272453,12.120700467808739,13.354665056529496,True,602
243,244,12.73740053050398,-3.02403846153846,-0.23309848404496372,13.091454498692915,13.341400205501131,True,614
244,245,-12.26259946949602,-2.02403846153846,0.1635829475919654,12.428518714757244,13.301592321688682,True,4
245,246,-11.26259946949602,-2.02403846153846,0.17781518271966026,11.443027506043975,13.308634291075316,True,17
246,247,-10.26259946949602,-2.02403846153846,0.1947256172620346,10.460290606148902,13.317747050934777,True,34
247,248,-9.26259946949602,-2.02403846153846,0.21513563963520757,9.481164518459478,13.329816647274036,True,54
248,249,-8.26259946949602,-2.02403846153846,0.2402332020078166,8.506896125326964,13.346248938624266,True,76
249,250,-7.2625994694960205,-2.02403846153846,0.2717966728128062,7.539368856085425,13.369372563826284,True,100
250,251,-6.2625994694960205,-2.02403846153846,0.3125981298755219,6.581556336393302,13.403243195235728,True,126
251,252,-5.2625994694960205,-2.02403846153846,0.36716750092326284,5.638411555582545,13.455345842289372,True,153
252,253,-4.2625994694960205,-2.02403846153846,0.44331505079498523,4.718737747653998,13.54040522828487,True,181
253,254,-3.2625994694960205,-2.02403846153846,0.5552672911505091,3.8394383693637653,13.68912239694974,True,210
254,255,-2.2625994694960205,-2.02403846153846,0.729803270545334,3.035801056253629,13.965444456149777,True,239
255,256,-1.2625994694960205,-2.02403846153846,1.0130588769931332,2.3855584491180695,14.4612453329926,True,268
256,257,-0.26259946949602053,-2.02403846153846,1.4417766606733058,2.041002247712277,14.988937018733042,True,297
257,258,0.7374005305039795,-2.02403846153846,-1.2214204222715586,2.1541799451704415,14.780739093515844,True,327
258,259,1.7374005305039795,-2.02403846153846,-0.8614554946141127,2.667450523849034,14.195299895514566,True,357
259,260,2.7374005305039795,-2.02403846153846,-0.6366835859790089,3.404422617447846,13.81238766445631,True,386
260,261,3.7374005305039795,-2.02403846153846,-0.4963427274537795,4.250281687041272,13.607558780601279,True,415
261,262,4.7374005305039795,-2.02403846153846,-0.4037720321694851,5.151669193592147,13.49449450322313,True,444
262,263,5.7374005305039795,-2.02403846153846,-0.3391490209908012,6.083954021951047,13.427639046086307,True,472
263,264,6.7374005305039795,-2.02403846153846,-0.2918405182501339,7.03486301232812,13.385457252621197,True,498
264,265,7.7374005305039795,-2.02403846153846,-0.2558582370702269,7.997755851689288,13.35735629279959,True,523
265,266,8.73740053050398,-2.02403846153846,-0.22763705456628208,8.96877359086727,13.337783639377108,True,547
266,267,9.73740053050398,-2.02403846153846,-0.20494390629622122,9.945536726856231,13.323643849888276,True,569
267,268,10.73740053050398,-2.02403846153846,-0.1863172715862003,10.926504557554265,13.31311500970442,True,588
268,269,11.73740053050398,-2.02403846153846,-0.17076406338222014,11.910638224178504,13.305073557328598,True,603
269,270,12.73740053050398,-2.02403846153846,-0.15758755261932525,12.897213031049384,13.298798356234471,True,615
270,271,-12.26259946949602,-1.02403846153846,0.08331576894390687,12.305283439238371,13.272748435498784,True,5
271,272,-11.26259946949602,-1.02403846153846,0.09067448626401496,11.309058386134634,13.274617792710522,True,18
272,273,-10.26259946949602,-1.02403846153846,0.0994543269082871,10.313564012600594,13.277053825624986,True,35
273,274,-9.26259946949602,-1.02403846153846,0.11010911455425822,9.319034483411789,13.280310105949617,True,55
274,275,-8.26259946949602,-1.02403846153846,0.12330781502946182,8.32581556149462,13.284798935773226,True,77
275,276,-7.2625994694960205,-1.02403846153846,0.14007819478907094,7.334439707641882,13.29122656136039,True,101
276,277,-6.2625994694960205,-1.02403846153846,0.1620821114128667,6.345770787386028,13.300883291563176,True,127
277,278,-5.2625994694960205,-1.02403846153846,0.19218629449079558,5.361306552236111,13.316327175219874,True,154
278,279,-4.2625994694960205,-1.02403846153846,0.23577002638809705,4.383880587796366,13.343199334518522,True,182
279,280,-3.2625994694960205,-1.02403846153846,0.3041342712214561,3.4195336040263986,13.395853447297386,True,211
280,281,-2.2625994694960205,-1.02403846153846,0.42500882626811276,2.483548092965733,13.518694349547687,True,240
281,282,-1.2625994694960205,-1.02403846153846,0.681445944628588,1.6256728425737106,13.884588883496567,True,269
282,283,-0.26259946949602053,-1.02403846153846,1.3197702704786913,1.0571722906365106,14.894440947179406,True,298
283,284,0.7374005305039795,-1.02403846153846,-0.9467135695250444,1.2619089955688587,14.346225449192177,True,328
284,285,1.7374005305039795,-1.02403846153846,-0.5325951544389715,2.0167338381912385,13.656919780387236,True,358
285,286,2.7374005305039795,-1.02403846153846,-0.35797400051938033,2.9226728238230026,13.446035443463618,True,387
286,287,3.7374005305039795,-1.02403846153846,-0.2674339708188288,3.875153867412426,13.366014940358905,True,416
287,288,4.7374005305039795,-1.02403846153846,-0.2128850392809819,4.846815300496754,13.328428571421956,True,445
288,289,5.7374005305039795,-1.02403846153846,-0.17662484842553827,5.8280716895159586,13.308023294451162,True,473
289,290,6.7374005305039795,-1.02403846153846,-0.1508386274367004,6.81477957671012,13.295775952507137,True,499
290,291,7.7374005305039795,-1.02403846153846,-0.13158442546966417,7.804871667116207,13.287870043486087,True,524
291,292,8.73740053050398,-1.02403846153846,-0.11666947305925293,8.797205397236175,13.282478393322794,True,548
292,293,9.73740053050398,-1.02403846153846,-0.10478033647128211,9.791099216235594,13.278640461186182,True,570
293,294,10.73740053050398,-1.02403846153846,-0.09508358420997096,10.786121866694128,13.275813179676215,True,589
294,295,11.73740053050398,-1.02403846153846,-0.08702540181102068,11.781987352912289,13.273671141628821,True,604
295,296,12.73740053050398,-1.02403846153846,-0.0802236428966572,12.778498622498384,13.272009892268434,True,616
296,297,-12.26259946949602,-0.0240384615384599,0.001960304648833062,12.262623030857517,13.262605094477308,True,6
297,298,-11.26259946949602,-0.0240384615384599,0.0021343585112177286,11.26262512285325,13.262606137696231,True,19
298,299,-10.26259946949602,-0.0240384615384599,0.002342332237304183,10.262627622540592,13.262607500517987,True,36
299,300,-9.26259946949602,-0.0240384615384599,0.002595211813946758,9.262630661963215,13.262609328189198,True,56
300,301,-8.26259946949602,-0.0240384615384599,0.0029093015831601196,8.26263443708779,13.262611858919344,True,78
301,302,-7.2625994694960205,-0.0240384615384599,0.003309885648542688,7.262639251811769,13.262615505619946,True,102
302,303,-6.2625994694960205,-0.0240384615384599,0.003838397074602192,6.262645604132887,13.262621035662239,True,128
303,304,-5.2625994694960205,-0.0240384615384599,0.004567760570527248,5.262654370559873,13.262630010222583,True,155
304,305,-4.2625994694960205,-0.0240384615384599,0.00563933038650369,4.26266725008895,13.262646020278234,True,183
305,306,-3.2625994694960205,-0.0240384615384599,0.007367752859469283,3.2626880246184817,13.262678927996742,True,212
306,307,-2.2625994694960205,-0.0240384615384599,0.010623867580726915,2.2627271614131494,13.26276467758049,True,241
307,308,-1.2625994694960205,-0.0240384615384599,0.01903656565387809,1.262828281281651,13.263129895754593,True,270
308,309,-0.26259946949602053,-0.0240384615384599,0.09128598991362263,0.2636974194275087,13.274780212593754,True,299
309,310,0.7374005305039795,-0.0240384615384599,-0.032587380708734244,0.7377922404177794,13.264153629497757,True,329
310,311,1.7374005305039795,-0.0240384615384599,-0.013834995089627397,1.7375668191550635,13.262879637343334,True,359
311,312,2.7374005305039795,-0.0240384615384599,-0.008781266531399717,2.737506075251086,13.262712340638734,True,388
312,313,3.7374005305039795,-0.0240384615384599,-0.00643177788113991,3.737477835793085,13.26266002216408,True,417
313,314,4.7374005305039795,-0.0240384615384599,-0.005074144581546206,4.737461517949515,13.2626371570561,True,446
314,315,5.7374005305039795,-0.0240384615384599,-0.004189758193253029,5.737450888248237,13.2626251646285,True,474
315,316,6.7374005305039795,-0.0240384615384599,-0.0035678982460893138,6.737443413941852,13.262618103158086,True,500
316,317,7.7374005305039795,-0.0240384615384599,-0.0031067778000311848,7.737437871613341,13.262613597926059,True,525
317,318,8.73740053050398,-0.0240384615384599,-0.0027512073876354323,8.737433597921322,13.26261054900028,True,549
318,319,9.73740053050398,-0.0240384615384599,-0.0024686683710313947,9.737430202013893,13.2626083902032,True,571
319,320,10.73740053050398,-0.0240384615384599,-0.002238756141178328,10.737427438641914,13.262606805970945,True,590
320,321,11.73740053050398,-0.0240384615384599,-0.002048019735470805,11.737425146134404,13.262605609125906,True,605
321,322,12.73740053050398,-0.0240384615384599,-0.0018872322450768923,12.737423213590581,13.262604682939378,True,617
322,323,-12.26259946949602,0.9759615384615401,-0.07942106008641904,12.301375804105827,13.271822743425975,True,7
323,324,-11.26259946949602,0.9759615384615401,-0.08643915847679405,11.304806399706642,13.273522663456061,True,20
324,325,-10.26259946949602,0.9759615384615401,-0.09481372357546915,10.30890143496659,13.275738394934042,True,37
325,326,-9.26259946949602,0.9759615384615401,-0.10497849070493115,9.313874052018535,13.278701077042895,True,57
326,327,-8.26259946949602,0.9759615384615401,-0.11757320893267652,8.320039117568628,13.282786832368103,True,79
327,328,-7.2625994694960205,0.9759615384615401,-0.13358159050667326,7.32788182075012,13.28864063154479,True,103
328,329,-6.2625994694960205,0.9759615384615401,-0.1545961821307201,6.3381900444754775,13.297442662698831,True,129
329,330,-5.2625994694960205,0.9759615384615401,-0.18336912978782968,5.352331650869181,13.311538148245736,True,156
330,331,-4.2625994694960205,0.9759615384615401,-0.22507969437851338,4.372900085973149,13.336118547202725,True,184
331,332,-3.2625994694960205,0.9759615384615401,-0.29066410972682405,3.4054450844070194,13.384483488381235,True,213
332,333,-2.2625994694960205,0.9759615384615401,-0.407232833449663,2.4641138942670424,13.498364820318512,True,242
333,334,-1.2625994694960205,0.9759615384615401,-0.6580455376737955,1.5958252864671147,13.84649475559721,True,271
334,335,-0.26259946949602053,0.9759615384615401,-1.307953894838661,1.0106727491803704,14.88241342194217,True,300
335,336,0.7374005305039795,0.9759615384615401,0.9237443275805383,1.2232172607283494,14.30574268158104,True,330
336,337,1.7374005305039795,0.9759615384615401,0.511809390314212,1.9927522495161625,13.628288425072322,True,360
337,338,2.7374005305039795,0.9759615384615401,0.3424790503544096,2.9061766272819147,13.430827423915819,True,389
338,339,3.7374005305039795,0.9759615384615401,0.25542975715520566,3.862727488442285,13.357042790305625,True,418
339,340,4.7374005305039795,0.9759615384615401,0.20316962569561497,4.836885848454107,13.322598923101372,True,447
340,341,5.7374005305039795,0.9759615384615401,0.16849237909855186,5.819816644189365,13.30395644187792,True,475
341,342,6.7374005305039795,0.9759615384615401,0.1438566411676638,6.807721118920157,13.29278625619196,True,501
342,343,7.7374005305039795,0.9759615384615401,0.12547295180427837,7.798709373607885,13.285583275685255,True,526
343,344,8.73740053050398,0.9759615384615401,0.11123820119486313,8.791738676451175,13.280674423468916,True,550
344,345,9.73740053050398,0.9759615384615401,0.09989452805011338,9.78618771616483,13.277181847531546,True,572
345,346,10.73740053050398,0.9759615384615401,0.0906445740112179,10.781663650709168,13.274609875645183,True,591
346,347,11.73740053050398,0.9759615384615401,0.08295887961626087,11.777906101596807,13.272661774605067,True,606
347,348,12.73740053050398,0.9759615384615401,0.07647230025532455,12.774735738912147,13.271151232800404,True,618
348,349,-12.26259946949602,1.97596153846154,-0.15976392671606762,12.420779756149104,13.299800739691403,True,8
349,350,-11.26259946949602,1.97596153846154,-0.1736769605257123,11.43462158585807,13.306527438950132,True,21
350,351,-10.26259946949602,1.97596153846154,-0.19021236090284724,10.451094290684555,13.31523598517773,True,38
351,352,-9.26259946949602,1.97596153846154,-0.21017642383197904,9.471017523676496,13.326776756457823,True,58
352,353,-8.26259946949602,1.97596153846154,-0.23473664034039096,8.495585559265189,13.342501072068089,True,80
353,354,-7.2625994694960205,1.97596153846154,-0.26564352407849523,7.52660448381627,13.36465189058473,True,104
354,355,-6.2625994694960205,1.97596153846154,-0.3056318039110389,6.566930494288114,13.397147188009281,True,130
355,356,-5.2625994694960205,1.97596153846154,-0.35918487898737883,5.621332331202194,13.447249554101928,True,157
356,357,-4.2625994694960205,1.97596153846154,-0.43407127799154227,4.698316532421698,13.52934509501148,True,185
357,358,-3.2625994694960205,1.97596153846154,-0.5445564206987838,3.814312428188731,13.673785376677065,True,214
358,359,-2.2625994694960205,1.97596153846154,-0.7178747363580937,3.003960778845651,13.945256751236844,True,243
359,360,-1.2625994694960205,1.97596153846154,-1.0022072364558958,2.344905418529909,14.442690120649731,True,272
360,361,-0.26259946949602053,1.97596153846154,-1.4386734766041627,1.9933345135372758,14.987244380286462,True,301
361,362,0.7374005305039795,1.97596153846154,1.2136172500872935,2.109071725633542,14.770485372367192,True,331
362,363,1.7374005305039795,1.97596153846154,0.8495539367655347,2.631156514705046,14.174195977447987,True,361
363,364,2.7374005305039795,1.97596153846154,0.6252329187751012,3.3760606727194293,13.794386077118876,True,390
364,365,3.7374005305039795,1.97596153846154,0.4863426785038284,4.227598222027576,13.594424300999737,True,419
365,366,4.7374005305039795,1.97596153846154,0.3951588151518412,5.132970659169861,13.484987528177061,True,448
366,367,5.7374005305039795,1.97596153846154,0.3316773945347643,6.06812894135471,13.42058902127528,True,476
367,368,6.7374005305039795,1.97596153846154,0.28528259547153134,7.021181518086155,13.380076095897975,True,502
368,369,7.7374005305039795,1.97596153846154,0.25003382959973014,7.98572419827548,13.353137716307794,True,527
369,370,8.73740053050398,1.97596153846154,0.22240858566920524,8.95804621733615,13.33439876665294,True,551
370,371,9.73740053050398,1.97596153846154,0.20020642551923495,9.93586398321447,13.320873485890738,True,573
371,372,10.73740053050398,1.97596153846154,0.18198989462661355,10.917700955510114,13.31080887576265,True,592
372,373,11.73740053050398,1.97596153846154,0.16678359452113448,11.902562548247936,13.30312580281219,True,607
373,374,12.73740053050398,1.97596153846154,0.15390390650953173,12.88975547774132,13.297132563277827,True,619
374,375,-12.26259946949602,2.97596153846154,-0.2380831656584931,12.618545590823311,13.34477300676535,True,9
375,376,-11.26259946949602,2.97596153846154,-0.2583298433972381,11.649141336969624,13.35917444665767,True,22
376,377,-10.26259946949602,2.97596153846154,-0.28224013687301625,10.685377623168138,13.377618655419521,True,39
377,378,-9.26259946949602,2.97596153846154,-0.31087081641932257,9.728930877065082,13.40171977465282,True,59
378,379,-8.26259946949602,2.97596153846154,-0.3457083272859911,8.78219204252095,13.433946461238552,True,81
379,380,-7.2625994694960205,2.97596153846154,-0.3888963238878433,7.848674928465712,13.478188347284378,True,105
380,381,-6.2625994694960205,2.97596153846154,-0.44360815422607697,6.933721886096544,13.540759141317093,True,131
381,382,-5.2625994694960205,2.97596153846154,-0.5146599328956445,6.045767135338755,13.6321630722226,True,158
382,383,-4.2625994694960205,2.97596153846154,-0.6094876461054101,5.198663416278277,13.769970263782126,True,186
383,384,-3.2625994694960205,2.97596153846154,-0.7394842926416828,4.415982606029839,13.981933453808233,True,215
384,385,-2.2625994694960205,2.97596153846154,-0.9207408718702011,3.7384092121871904,14.300433525508312,True,244
385,386,-1.2625994694960205,2.97596153846154,-1.1695474993783184,3.232724005969889,14.709597485588574,True,273
386,387,-0.26259946949602053,2.97596153846154,-1.482784075900414,2.9875249889803377,15.007624977625678,True,302
387,388,0.7374005305039795,2.97596153846154,1.327902851853987,3.0659593312354825,14.902440882507628,True,332
388,389,1.7374005305039795,2.97596153846154,1.042365195602784,3.445998793063904,14.510698788760505,True,362
389,390,2.7374005305039795,2.97596153846154,0.827128848116344,4.043477308308511,14.134521090943,True,391
390,391,3.7374005305039795,2.97596153846154,0.6724594001504144,4.777500371932357,13.869872968792492,True,420
391,392,4.7374005305039795,2.97596153846154,0.5608860092467584,5.5945787030679766,13.697254732284827,True,449
392,393,5.7374005305039795,2.97596153846154,0.4784915861600456,6.463289559181897,13.584262820395347,True,477
393,394,6.7374005305039795,2.97596153846154,0.4159366682227418,7.365386139696796,13.508225273913801,True,503
394,395,7.7374005305039795,2.97596153846154,0.3671781411244157,8.289976721791541,13.455356740717605,True,528
395,396,8.73740053050398,2.97596153846154,0.3282765348047276,9.230304172065708,13.417427800136313,True,552
396,397,9.73740053050398,2.97596153846154,0.2966063638290793,10.182009436739959,13.389439861063513,True,574
397,398,10.73740053050398,2.97596153846154,0.2703718168913653,11.14217740079871,13.368270304751121,True,593
398,399,11.73740053050398,2.97596153846154,0.24831252647214994,12.10879508010097,13.35190875161462,True,608
399,400,12.73740053050398,2.97596153846154,0.22952239449739564,13.080432689818997,13.339022785552448,True,620
400,401,-12.26259946949602,3.97596153846154,-0.3135396500916443,12.891067291136508,13.404076876789308,True,10
401,402,-11.26259946949602,3.97596153846154,-0.33936575833177185,11.943802450041506,13.427845698202463,True,23
402,403,-10.26259946949602,3.97596153846154,-0.36961687061500276,11.005871979385617,13.457862125623818,True,40
403,404,-9.26259946949602,3.97596153846154,-0.4054640749238994,10.079881898496302,13.496383169162478,True,60
404,405,-8.26259946949602,3.97596153846154,-0.448494680741588,9.169450373312534,13.546688398067419,True,82
405,406,-7.2625994694960205,3.97596153846154,-0.5008887811622751,8.279711420674596,13.613599878801468,True,106
406,407,-6.2625994694960205,3.97596153846154,-0.5656682272408606,7.418114468694676,13.70422268432154,True,132
407,408,-5.2625994694960205,3.97596153846154,-0.6470200084324026,6.5956973347528045,13.82880799111903,True,159
408,409,-4.2625994694960205,3.97596153846154,-0.7506199592504972,5.829067197474499,14.001008684930376,True,187
409,410,-3.2625994694960205,3.97596153846154,-0.8836312246193128,5.143231032500987,14.234658312296986,True,216
410,411,-2.2625994694960205,3.97596153846154,-1.0534302019483286,4.574672284949942,14.529089563456777,True,245
411,412,-1.2625994694960205,3.97596153846154,-1.2633098712048625,4.171621696138936,14.832825820967251,True,274
412,413,-0.26259946949602053,3.97596153846154,-1.5048453290137396,3.9846240270199957,15.014805079451607,True,303
413,414,0.7374005305039795,3.97596153846154,1.3874152719538697,4.043764297991786,14.95377515381859,True,333
414,415,1.7374005305039795,3.97596153846154,1.1588256254379972,4.338989601130771,14.694066381434082,True,363
415,416,2.7374005305039795,3.97596153846154,0.9678386114381509,4.82717638166754,14.383213529344353,True,392
416,417,3.7374005305039795,3.97596153846154,0.8163165856895082,5.456778617530391,14.115452743625612,True,421
417,418,4.7374005305039795,3.97596153846154,0.698232089437712,6.184758195899404,13.912350105127164,True,450
418,419,5.7374005305039795,3.97596153846154,0.6060057969389636,6.980403641821352,13.764625435283564,True,478
419,420,6.7374005305039795,3.97596153846154,0.5331326683621819,7.823096322030093,13.65767166343131,True,504
420,421,7.7374005305039795,3.97596153846154,0.47467616625446657,8.699174508237475,13.579372963013261,True,529
421,422,8.73740053050398,3.97596153846154,0.4270462685344275,9.599501975924412,13.521072156447334,True,553
422,423,9.73740053050398,3.97596153846154,0.38765693167072124,10.517853357353136,13.476854099427188,True,575
423,424,10.73740053050398,3.97596153846154,0.354635752394949,11.449892589356137,13.442707472120846,True,594
424,425,11.73740053050398,3.97596153846154,0.3266112717536781,12.392531677135247,13.415890808603907,True,609
425,426,12.73740053050398,3.97596153846154,0.3025646850513073,13.343524363143665,13.394503818025733,True,621
426,427,-12.26259946949602,4.97596153846154,-0.3854822589987918,13.233727327610033,13.474522092423495,True,11
427,428,-11.26259946949602,4.97596153846154,-0.41602469513061735,12.312852636271604,13.508325920003893,True,24
428,429,-10.26259946949602,4.97596153846154,-0.4514653781618935,11.405311968707762,13.550319591099306,True,41
429,430,-9.26259946949602,4.97596153846154,-0.4929706727256964,10.514558581536198,13.603105978222557,True,61
430,431,-8.26259946949602,4.97596153846154,-0.5420554846030214,9.645244591277324,13.670235953702711,True,83
431,432,-7.2625994694960205,4.97596153846154,-0.6006890435602319,8.803723319515012,13.75650284212975,True,107
432,433,-6.2625994694960205,4.97596153846154,-0.6714102107066459,7.9987714898964555,13.868161773022523,True,133
433,434,-5.2625994694960205,4.97596153846154,-0.7574095544715398,7.2425925198500805,14.012692753703003,True,160
434,435,-4.2625994694960205,4.97596153846154,-0.8624609621531817,6.552094891681308,14.197083754868453,True,188
435,436,-3.2625994694960205,4.97596153846154,-0.9904439739040586,5.950188949151468,14.422446466301713,True,217
436,437,-2.2625994694960205,4.97596153846154,-1.1440358032098505,5.466218948378505,14.672216680581712,True,246
437,438,-1.2625994694960205,4.97596153846154,-1.3223009639825447,5.1336488633933826,14.896954861076688,True,275
438,439,-0.26259946949602053,4.97596153846154,-1.5180716243545722,4.9828858820595245,15.018132127984337,True,304
439,440,0.7374005305039795,4.97596153846154,1.4236745034876568,5.030303447570145,14.978519781552608,True,334
440,441,1.7374005305039795,4.97596153846154,1.234871143582804,5.270555363113459,14.798017732185697,True,364
441,442,2.7374005305039795,4.97596153846154,1.067857199598396,5.67922132837346,14.552808919993312,True,393
442,443,3.7374005305039795,4.97596153846154,0.9265972661510893,6.2232110648490755,14.310782860657325,True,422
443,444,4.7374005305039795,4.97596153846154,0.8099533130071161,6.870455372001766,14.104254119705352,True,451
444,445,5.7374005305039795,4.97596153846154,0.714443711579794,7.5946005872380065,13.939477875361039,True,479
445,446,6.7374005305039795,4.97596153846154,0.6361379671846512,8.375724394981239,13.811525340144154,True,505
446,447,7.7374005305039795,4.97596153846154,0.5715128912636723,9.199323899161927,13.712795825148454,True,530
447,448,8.73740053050398,4.97596153846154,0.5176920918595953,10.054966994610163,13.63630283786535,True,554
448,449,9.73740053050398,4.97596153846154,0.4724210385151413,10.935134307529456,13.57649776077167,True,576
449,450,10.73740053050398,4.97596153846154,0.43396049946783544,11.834355216264031,13.52921374638086,True,595
450,451,11.73740053050398,4.97596153846154,0.4009730501014388,12.748598528690266,13.491385405863541,True,610
451,452,-11.26259946949602,5.97596153846154,-0.4878287032318994,12.749833846739481,13.59636259307306,True,25
452,453,-10.26259946949602,5.97596153846154,-0.5273067459473959,11.875734258582566,13.64955283239972,True,42
453,454,-9.26259946949602,5.97596153846154,-0.572973073257255,11.023060611349262,13.714947388613417,True,62
454,455,-8.26259946949602,5.97596153846154,-0.6261630653101256,10.197189137330323,13.7958407841762,True,84
455,456,-7.2625994694960205,5.97596153846154,-0.6885137891795126,9.405183005316562,13.89623546982787,True,108
456,457,-6.2625994694960205,5.97596153846154,-0.7619815593125979,8.656342670233398,14.02058227808724,True,134
457,458,-5.2625994694960205,5.97596153846154,-0.8487876248761926,7.962855611243457,14.172838025064507,True,161
458,459,-4.2625994694960205,5.97596153846154,-0.9512058253552542,7.340427136517287,14.354113302534488,True,189
459,460,-3.2625994694960205,5.97596153846154,-1.0710648380247352,6.808573390037544,14.558040456022837,True,218
460,461,-2.2625994694960205,5.97596153846154,-1.2088585348412455,6.38995091284239,14.764151309477896,True,247
461,462,-1.2625994694960205,5.97596153846154,-1.3625787823177815,6.107886191600434,14.933927686702448,True,276
462,463,-0.26259946949602053,5.97596153846154,-1.5268819473605426,5.981728411634149,15.019939207290287,True,305
463,464,0.7374005305039795,5.97596153846154,1.4480224854806556,6.021285232536254,14.992226113728243,True,335
464,465,1.7374005305039795,5.97596153846154,1.2878642422471018,6.223397537725445,14.860893371511656,True,365
465,466,2.7374005305039795,5.97596153846154,1.1412528179954555,6.5730874004211355,14.668051893731391,True,394
466,467,3.7374005305039795,5.97596153846154,1.0119053107196352,7.048423868822238,14.45927863183982,True,423
467,468,4.7374005305039795,5.97596153846154,0.9004961934344391,7.625947816212159,14.264581220458906,True,452
468,469,5.7374005305039795,5.97596153846154,0.8057619180521309,8.284315370421321,14.096888363340344,True,480
469,470,6.7374005305039795,5.97596153846154,0.725576813427117,9.005813800962516,13.9582748691619,True,506
470,471,7.7374005305039795,5.97596153846154,0.6576507398270286,9.77647601534494,13.845858450264874,True,531
471,472,8.73740053050398,5.97596153846154,0.5998740213692255,10.585569627545928,13.75526189830932,True,555
472,473,9.73740053050398,5.97596153846154,0.5504410401773251,11.424932621273125,13.682184550360423,True,577
473,474,10.73740053050398,5.97596153846154,0.5078624461841356,12.28836386430833,13.622951096249247,True,596
474,475,11.73740053050398,5.97596153846154,0.4709315885498178,13.17113083689653,13.574604894767457,True,611
475,476,-11.26259946949602,6.97596153846154,-0.5545562696823337,13.24802574712122,13.688097517297972,True,26
476,477,-10.26259946949602,6.97596153846154,-0.5970029904412835,12.409068750611173,13.750899454267326,True,43
477,478,-9.26259946949602,6.97596153846154,-0.6455026787845649,11.595679726449962,13.826387677837955,True,63
478,479,-8.26259946949602,6.97596153846154,-0.7011649153674784,10.813629796669138,13.917235428904133,True,85
479,480,-7.2625994694960205,6.97596153846154,-0.7652697796934208,10.070222958823631,14.026266862628225,True,109
480,481,-6.2625994694960205,6.97596153846154,-0.8392312670769337,9.37465687379685,14.155915100187569,True,135
481,482,-5.2625994694960205,6.97596153846154,-0.9244911820644237,8.738363265648465,14.307062402909208,True,162
482,483,-4.2625994694960205,6.97596153846154,-1.0222978734394494,8.175193797301839,14.476944524089529,True,190
483,484,-3.2625994694960205,6.97596153846154,-1.1333277545951466,7.701207352386405,14.656102247861813,True,219
484,485,-2.2625994694960205,6.97596153846154,-1.2571594021214831,7.333716366581023,14.825502152020494,True,248
485,486,-1.2625994694960205,6.97596153846154,-1.391741821187144,7.089301573953977,14.956994754661455,True,277
486,487,-0.26259946949602053,6.97596153846154,-1.5331706122388957,6.980902367708224,15.021028351672994,True,306
487,488,0.7374005305039795,6.97596153846154,1.4654814844388793,7.014827077589457,15.000579802762514,True,336
488,489,1.7374005305039795,6.97596153846154,1.3267069450730218,7.189061134076564,14.901278853017638,True,366
489,490,2.7374005305039795,6.97596153846154,1.1968546674916885,7.4938241939945565,14.747907620257905,True,395
490,491,3.7374005305039795,6.97596153846154,1.078956155773327,7.914050929296963,14.570842567370686,True,424
491,492,4.7374005305039795,6.97596153846154,0.9742328954666092,8.432496852801908,14.394351407192598,True,453
492,493,5.7374005305039795,6.97596153846154,0.8825136827026964,9.032264623754225,14.232674673806047,True,481
493,494,6.7374005305039795,6.97596153846154,0.8027926539636248,9.698278470663235,14.091675748502476,True,507
494,495,7.7374005305039795,6.97596153846154,0.7336927604120869,10.41784077223001,13.972058203705648,True,532
495,496,8.73740053050398,6.97596153846154,0.6737660353917436,11.180617488159852,13.872006090523666,True,556
496,497,9.73740053050398,6.97596153846154,0.6216540449717946,11.978355833650705,13.78880157233734,True,578
497,498,10.73740053050398,6.97596153846154,0.5761559398464083,12.804523010973966,13.71965066767249,True,597
498,499,11.73740053050398,6.97596153846154,0.5362445026120701,13.653959520943724,13.662035744917208,True,612
499,500,-10.26259946949602,7.97596153846154,-0.6606751241023223,12.997573247892,13.850738485309682,True,44
500,501,-9.26259946949602,7.97596153846154,-0.7108990957880988,12.223408337911556,13.93352115551765,True,64
501,502,-8.26259946949602,7.97596153846154,-0.7677483133854845,11.484185319661718,14.030557266533698,True,86
502,503,-7.2625994694960205,7.97596153846154,-0.8321769670487333,10.787090132067204,14.14343907750559,True,110
503,504,-6.2625994694960205,7.97596153846154,-0.9051548860048781,10.140814295624864,14.272840001854194,True,136
504,505,-5.2625994694960205,7.97596153846154,-0.9875574021412744,9.555674525608204,14.417459761697971,True,163
505,506,-4.2625994694960205,7.97596153846154,-1.0799849644026591,9.043545582367877,14.572504293587587,True,191
506,507,-3.2625994694960205,7.97596153846154,-1.1825091732059863,8.617454250610994,14.728010675809902,True,220
507,508,-2.2625994694960205,7.97596153846154,-1.2943809030617084,8.290676620299543,14.868019469926121,True,249
508,509,-1.2625994694960205,7.97596153846154,-1.4137984871586606,8.075278316156627,14.972287776970923,True,278
509,510,-0.26259946949602053,7.97596153846154,-1.5378843517767438,7.9802832621654085,15.021734901670648,True,307
510,511,0.7374005305039795,7.97596153846154,1.4786055293075582,8.00997640479704,15.006036839360537,True,337
511,512,1.7374005305039795,7.97596153846154,1.3563171620919021,8.16299718647589,14.928562579505758,True,367
512,513,2.7374005305039795,7.97596153846154,1.2401865432087704,8.432634471351243,14.804704290226576,True,396
513,514,3.7374005305039795,7.97596153846154,1.1325966356358634,8.808185124554843,14.654993257838619,True,425
514,515,4.7374005305039795,7.97596153846154,1.0348299864969448,9.276795041900902,14.498082372823516,True,454
515,516,5.7374005305039795,7.97596153846154,0.947210361863552,9.825157877125697,14.347098294271499,True,482
516,517,6.7374005305039795,7.97596153846154,0.8693795016447141,10.440714935839072,14.209361071250504,True,508
517,518,7.7374005305039795,7.97596153846154,0.800579044512507,11.11230531584068,14.087792753538725,True,533
518,519,8.73740053050398,7.97596153846154,0.739870948043974,11.830390124314118,13.982593883495467,True,557
519,520,9.73740053050398,7.97596153846154,0.6862827522234001,12.587014401933326,13.892552335187645,True,579
520,521,10.73740053050398,7.97596153846154,0.6388903904839605,13.3756395217382,13.815879996406114,True,598
521,522,-10.26259946949602,8.97596153846154,-0.7186195294182771,13.63410552296119,13.946512878192946,True,45
522,523,-9.26259946949602,8.97596153846154,-0.7696834184054934,12.898202761324882,14.033910248180723,True,65
523,524,-8.26259946949602,8.97596153846154,-0.8267563305584039,12.199935882342038,14.133863361751608,True,87
524,525,-7.2625994694960205,8.97596153846154,-0.8905211511231363,11.54613513667083,14.246886369543699,True,111
525,526,-6.2625994694960205,8.97596153846154,-0.9616103270882181,10.944772160957609,14.372337343274765,True,137
526,527,-5.2625994694960205,8.97596153846154,-1.0405118269619549,10.404942994379194,14.507602394811125,True,164
527,528,-4.2625994694960205,8.97596153846154,-1.1274372812023044,9.936681527415912,14.647136285973296,True,192
528,529,-3.2625994694960205,8.97596153846154,-1.222161762413872,9.550520448556538,14.781704569518224,True,221
529,530,-2.2625994694960205,8.97596153846154,-1.3238673577401645,9.25674034956715,14.898499805422952,True,250
530,531,-1.2625994694960205,8.97596153846154,-1.4310486829002176,9.064328047920181,14.982921349096216,True,279
531,532,-0.26259946949602053,8.97596153846154,-1.5415488097764127,8.979802003458676,15.022219080797546,True,308
532,533,0.7374005305039795,8.97596153846154,1.488827583225176,9.0062003687642,15.009793738507323,True,338
533,534,1.7374005305039795,8.97596153846154,1.3795992330534181,9.142562340139463,14.947778618162923,True,368
534,535,2.7374005305039795,8.97596153846154,1.2747860023322142,9.384095438791334,14.846179998184816,True,397
535,536,3.7374005305039795,8.97596153846154,1.1762504735781583,9.722964993527041,14.719170136821381,True,426
536,537,4.7374005305039795,8.97596153846154,1.0851666093808225,10.149426058963149,14.580847384827496,True,455
537,538,5.7374005305039795,8.97596153846154,1.0020535746239634,10.652964394353724,14.4424265233411,True,483
538,539,6.7374005305039795,8.97596153846154,0.9269082073973447,11.223210389562167,14.311332009596226,True,509
539,540,7.7374005305039795,8.97596153846154,0.8593689882986093,11.8505380683488,14.191598500948679,True,534
540,541,8.73740053050398,8.97596153846154,0.7988652051114871,12.526374318628358,14.084788269885744,True,558
541,542,9.73740053050398,8.97596153846154,0.7447310089552966,13.243294704543883,13.990906990550165,True,580
542,543,-9.26259946949602,9.97596153846154,-0.8224609874546229,13.613065692531272,14.126283152958669,True,66
543,544,-8.26259946949602,9.97596153846154,-0.8790650058942873,12.95339178015472,14.226553043787895,True,88
544,545,-7.2625994694960205,9.97596153846154,-0.9415180122635872,12.339576964839102,14.337089412038376,True,112
545,546,-6.2625994694960205,9.97596153846154,-1.0102082929416658,11.778792838495624,14.456382854040337,True,138
546,547,-5.2625994694960205,9.97596153846154,-1.0853695801286982,11.27895215847659,14.581173290874258,True,165
547,548,-4.2625994694960205,9.97596153846154,-1.1669900985440267,10.848482052997632,14.705917194471109,True,193
548,549,-3.2625994694960205,9.97596153846154,-1.254714900745263,10.495921299019903,14.822559551954567,True,222
549,550,-2.2625994694960205,9.97596153846154,-1.3477643807837483,10.229328666937416,14.921003675894102,True,251
550,551,-1.2625994694960205,9.97596153846154,-1.4449015065474158,10.055544044816052,14.990602277792572,True,280
551,552,-0.26259946949602053,9.97596153846154,-1.5444791802318605,9.979417172272314,15.022565261330351,True,309
552,553,0.7374005305039795,9.97596153846154,1.49701277195577,10.003177903009197,15.012488562221238,True,339
553,554,1.7374005305039795,9.97596153846154,1.398367073907535,10.126123109080762,14.96178607449459,True,369
554,555,2.7374005305039795,9.97596153846154,1.302988325727203,10.344717022773866,14.877218491724596,True,398
555,556,3.7374005305039795,9.97596153846154,1.2123407565444952,10.65307332849424,14.76879226652129,True,427
556,557,4.7374005305039795,9.97596153846154,1.12744460237834,11.043675674488242,14.647147473341844,True,456
557,558,5.7374005305039795,9.97596153846154,1.0488699453655028,11.50815247832124,14.521530246272844,True,484
558,559,6.7374005305039795,9.97596153846154,0.9767969654302122,12.03795557913798,14.398809140150634,True,510
559,560,7.7374005305039795,9.97596153846154,0.9111087121832006,12.624863388817607,14.283388161531105,True,535
560,561,8.73740053050398,9.97596153846154,0.8514876883786899,13.261296190316962,14.177623239867552,True,559
561,562,9.73740053050398,9.97596153846154,0.7974990603784271,13.940472650104914,14.082394496080722,True,581
562,563,-8.26259946949602,10.97596153846154,-0.925511694933021,13.738350762995642,14.308865368979099,True,89
563,564,-7.2625994694960205,10.97596153846154,-0.9862523818149901,13.161196098687645,14.415202913143986,True,113
564,565,-6.2625994694960205,10.97596153846154,-1.0522945832457617,12.636925409652415,14.527209796051897,True,139
565,566,-5.2625994694960205,10.97596153846154,-1.1237105143222552,12.172373838743486,14.641427533317147,True,166
566,567,-4.2625994694960205,10.97596153846154,-1.2003665057524386,11.774611922740162,14.752698774852666,True,194
567,568,-3.2625994694960205,10.97596153846154,-1.281864800485786,11.450602036231228,14.85421153067581,True,223
568,569,-2.2625994694960205,10.97596153846154,-1.367502662235698,11.2067429725657,14.938045342705347,True,252
569,570,-1.2625994694960205,10.97596153846154,-1.4562665792899343,11.048343274634377,14.996325542014791,True,281
570,571,-0.26259946949602053,10.97596153846154,-1.5468759275239685,10.979102430306705,15.02282129625571,True,310
571,572,0.7374005305039795,10.97596153846154,1.5037139046741257,11.000704124562871,15.014486338449148,True,340
572,573,1.7374005305039795,10.97596153846154,1.4138074400220084,11.112618606664341,14.97229360023713,True,370
573,574,2.7374005305039795,10.97596153846154,1.3263828160924014,11.31216572359999,14.900963049055644,True,399
574,575,3.7374005305039795,10.97596153846154,1.2426027082550377,11.59482187958049,14.807716734457355,True,428
575,576,4.7374005305039795,10.97596153846154,1.1633352470120852,11.95469344986338,14.700631120334853,True,457
576,577,5.7374005305039795,10.97596153846154,1.0891350757099096,12.385051333814259,14.587206948713588,True,485
577,578,6.7374005305039795,10.97596153846154,1.020267998880547,12.87883137564206,14.473503431088877,True,511
578,579,7.7374005305039795,10.97596153846154,0.9567622373258218,13.42903937976318,14.363853834847136,True,536
579,580,8.73740053050398,10.97596153846154,0.8984693276283361,14.029037733367112,14.260986861496471,True,560
580,581,-7.2625994694960205,11.97596153846154,-1.0256612496152142,14.006034621727665,14.482635805467249,True,114
581,582,-6.2625994694960205,11.97596153846154,-1.0889727921096934,13.514577569648337,14.586947406000895,True,140
582,583,-5.2625994694960205,11.97596153846154,-1.1567669111455339,13.081231132697331,14.69105408747967,True,167
583,584,-4.2625994694960205,11.97596153846154,-1.2288487905041074,12.711939624150904,14.790344341010176,True,195
584,585,-3.2625994694960205,11.97596153846154,-1.3048219028053758,12.412421603742995,14.87914636346904,True,224
585,586,-2.2625994694960205,11.97596153846154,-1.384068828755946,12.187822247229969,14.951236045045382,True,253
586,587,-1.2625994694960205,11.97596153846154,-1.4657565372252228,12.042334167057554,15.00070144326642,True,282
587,588,-0.26259946949602053,11.97596153846154,-1.5488726261708443,11.978840229842357,15.02301596433982,True,311
588,589,0.7374005305039795,11.97596153846154,1.5093005759573281,11.998642186226643,15.016007959511763,True,341
589,590,1.7374005305039795,11.97596153846154,1.4267274389601474,12.101331140585552,14.980368262227532,True,371
590,591,2.7374005305039795,11.97596153846154,1.3460821513825945,12.284828710043683,14.919485843755522,True,400
591,592,3.7374005305039795,11.97596153846154,1.2682985163189657,12.54558956351281,14.838681027676584,True,429
592,593,4.7374005305039795,11.97596153846154,1.194109726633281,12.878921482683614,14.744140647404206,True,458
593,594,5.7374005305039795,11.97596153846154,1.124027272928502,13.279360663003978,14.641913828973749,True,486
594,595,6.7374005305039795,11.97596153846154,1.0583483748071312,13.741041469959452,14.537209511861404,True,512
595,596,7.7374005305039795,11.97596153846154,0.9971834466319288,14.258016052037302,14.434060339909804,True,537
596,597,-6.2625994694960205,12.97596153846154,-1.1211403324107805,14.408182743252704,14.637474391521637,True,141
597,598,-5.2625994694960205,12.97596153846154,-1.1855015208104078,14.002518738568892,14.732203527676694,True,168
598,599,-4.2625994694960205,12.97596153846154,-1.2534023324956332,13.658159908456955,14.820972122343584,True,196
599,600,-3.2625994694960205,12.97596153846154,-1.324468359874612,13.379840550095837,14.899090325952093,True,225
600,601,-2.2625994694960205,12.97596153846154,-1.3981634220766137,13.171747576043083,14.961641309005948,True,254
601,602,-1.2625994694960205,12.97596153846154,-1.4737987176196665,13.037244159254087,15.00412055825635,True,283
602,603,-0.26259946949602053,12.97596153846154,-1.5505617084829306,12.978618429132307,15.02316741509792,True,312
603,604,0.7374005305039795,12.97596153846154,1.5140291835717492,12.996897221645662,15.017193374719715,True,342
604,605,1.7374005305039795,12.97596153846154,1.43769417845797,13.091758417074029,14.98670218505363,True,372
605,606,2.7374005305039795,12.97596153846154,1.362885471717548,13.26155871351617,14.934186770772484,True,401
606,607,3.7374005305039795,12.97596153846154,1.2903617097781928,13.503471426749662,14.863640715706339,True,430
607,608,4.7374005305039795,12.97596153846154,1.2207415965954325,13.813708467824727,14.779853703093991,True,459
608,609,5.7374005305039795,12.97596153846154,1.1544845058137818,14.187788506143603,14.687703334682794,True,487
609,610,-4.2625994694960205,13.97596153846154,-1.2747632160834035,14.611545269474547,14.84615388960051,True,197
610,611,-3.2625994694960205,13.97596153846154,-1.3414597757107574,14.351726593790449,14.91526298008668,True,226
611,612,-2.2625994694960205,13.97596153846154,-1.4102966208270282,14.157925599603917,14.96998596160743,True,255
612,613,-1.2625994694960205,13.97596153846154,-1.4807001066435703,14.032877764198187,15.006841967907258,True,284
613,614,-0.26259946949602053,13.97596153846154,-1.5520091705348373,13.97842835965245,15.023287553491038,True,313
614,615,0.7374005305039795,13.97596153846154,1.5180831448077758,13.995401404280758,15.018134704883344,True,343
615,616,1.7374005305039795,13.97596153846154,1.447117339293607,14.08353867207925,14.991759224937963,True,373
616,617,2.7374005305039795,13.97596153846154,1.3773799527040744,14.241518970564893,14.9460339298968,True,402
617,618,3.7374005305039795,13.97596153846154,1.309494160078939,14.467054422029651,14.884008029498364,True,431
618,619,4.7374005305039795,13.97596153846154,1.243983378925206,14.757047967360398,14.809430504139781,True,460
619,620,-0.26259946949602053,14.97596153846154,-1.5532633917480023,14.978263667156448,15.023384451058337,True,314
620,621,0.7374005305039795,14.97596153846154,1.5215971179178902,14.994104959745576,15.018894579089453,True,344
